[{"name":"Uncategorized","color":"0088CC","slug":"uncategorized","description":"","text_color":"FFFFFF","read_restricted":false,"auto_close_hours":null,"parent_category":null,"position":0,"email_in":null,"email_in_allow_strangers":false,"allow_badges":true,"auto_close_based_on_last_post":false,"topic_template":null,"sort_order":null,"sort_ascending":null,"uploaded_logo_id":null,"uploaded_logo_dark_id":null,"uploaded_background_id":null,"uploaded_background_dark_id":null,"topic_featured_link_allowed":true,"all_topics_wiki":false,"show_subcategory_list":false,"default_view":null,"subcategory_list_style":"rows_with_featured_topics","default_top_period":"all","mailinglist_mirror":false,"minimum_required_tags":0,"navigate_to_first_post_after_read":false,"search_priority":0,"allow_global_tags":false,"read_only_banner":null,"default_list_filter":"all","permissions":{}},{"name":"Site Feedback","color":"808281","slug":"site-feedback","description":"\u003cp\u003eDiscussion about this site, its organization, how it works, and how we can improve it.\u003c/p\u003e","text_color":"FFFFFF","read_restricted":false,"auto_close_hours":null,"parent_category":null,"position":1,"email_in":null,"email_in_allow_strangers":false,"allow_badges":true,"auto_close_based_on_last_post":false,"topic_template":null,"sort_order":null,"sort_ascending":null,"uploaded_logo_id":null,"uploaded_logo_dark_id":null,"uploaded_background_id":null,"uploaded_background_dark_id":null,"topic_featured_link_allowed":true,"all_topics_wiki":false,"show_subcategory_list":false,"default_view":null,"subcategory_list_style":"rows_with_featured_topics","default_top_period":"all","mailinglist_mirror":false,"minimum_required_tags":0,"navigate_to_first_post_after_read":false,"search_priority":0,"allow_global_tags":false,"read_only_banner":null,"default_list_filter":"all","permissions":{}},{"name":"Staff","color":"E45735","slug":"staff","description":"\u003cp\u003ePrivate category for staff discussions. Topics are only visible to admins and moderators.\u003c/p\u003e","text_color":"FFFFFF","read_restricted":true,"auto_close_hours":null,"parent_category":null,"position":2,"email_in":null,"email_in_allow_strangers":false,"allow_badges":true,"auto_close_based_on_last_post":false,"topic_template":null,"sort_order":null,"sort_ascending":null,"uploaded_logo_id":null,"uploaded_logo_dark_id":null,"uploaded_background_id":null,"uploaded_background_dark_id":null,"topic_featured_link_allowed":true,"all_topics_wiki":false,"show_subcategory_list":false,"default_view":null,"subcategory_list_style":"rows_with_featured_topics","default_top_period":"all","mailinglist_mirror":false,"minimum_required_tags":0,"navigate_to_first_post_after_read":false,"search_priority":0,"allow_global_tags":false,"read_only_banner":null,"default_list_filter":"all","permissions":{"staff":1}},{"name":"General","color":"25AAE2","slug":"general","description":"\u003cp\u003eCreate topics here that don’t fit into any other existing category.\u003c/p\u003e","text_color":"FFFFFF","read_restricted":false,"auto_close_hours":null,"parent_category":null,"position":3,"email_in":null,"email_in_allow_strangers":false,"allow_badges":true,"auto_close_based_on_last_post":false,"topic_template":null,"sort_order":null,"sort_ascending":null,"uploaded_logo_id":null,"uploaded_logo_dark_id":null,"uploaded_background_id":null,"uploaded_background_dark_id":null,"topic_featured_link_allowed":true,"all_topics_wiki":false,"show_subcategory_list":false,"default_view":null,"subcategory_list_style":"rows_with_featured_topics","default_top_period":"all","mailinglist_mirror":false,"minimum_required_tags":0,"navigate_to_first_post_after_read":false,"search_priority":0,"allow_global_tags":false,"read_only_banner":null,"default_list_filter":"all","permissions":{}},{"name":"Jobs","color":"0088CC","slug":"jobs","description":"A space to discover and share opportunities that align with Effective Altruism values. Explore impactful roles in global health, AI safety, policy, animal welfare, and other EA-aligned areas.","text_color":"FFFFFF","read_restricted":false,"auto_close_hours":null,"parent_category":null,"position":4,"email_in":null,"email_in_allow_strangers":false,"allow_badges":true,"auto_close_based_on_last_post":false,"topic_template":null,"sort_order":null,"sort_ascending":null,"uploaded_logo_id":null,"uploaded_logo_dark_id":null,"uploaded_background_id":null,"uploaded_background_dark_id":null,"topic_featured_link_allowed":true,"all_topics_wiki":false,"show_subcategory_list":false,"default_view":null,"subcategory_list_style":"rows_with_featured_topics","default_top_period":"all","mailinglist_mirror":false,"minimum_required_tags":0,"navigate_to_first_post_after_read":false,"search_priority":0,"allow_global_tags":false,"read_only_banner":null,"default_list_filter":"all","permissions":{}},{"name":"Journals and Conferences","color":"0088CC","slug":"journals","description":"Details journals and special issues focusing on effective altruism.","text_color":"FFFFFF","read_restricted":false,"auto_close_hours":null,"parent_category":null,"position":5,"email_in":null,"email_in_allow_strangers":false,"allow_badges":true,"auto_close_based_on_last_post":false,"topic_template":null,"sort_order":null,"sort_ascending":null,"uploaded_logo_id":null,"uploaded_logo_dark_id":null,"uploaded_background_id":null,"uploaded_background_dark_id":null,"topic_featured_link_allowed":true,"all_topics_wiki":false,"show_subcategory_list":false,"default_view":null,"subcategory_list_style":"rows_with_featured_topics","default_top_period":"all","mailinglist_mirror":false,"minimum_required_tags":0,"navigate_to_first_post_after_read":false,"search_priority":0,"allow_global_tags":false,"read_only_banner":null,"default_list_filter":"all","permissions":{"everyone":2}}]