{"title":"PRMERS","site_description":"A collaborative, well-moderated platform for social science scholars committed to existential risk reduction, suffering minimization, and EA-related work, fostering opportunities, connections, and the dissemination of impactful research.","notification_email":"noreply@prmers.alecmcgail.com","logo":{"filename":"header_name.png","path":"uploads/0c32d4b302a9de83d46007cf258690833805bf18.png"},"logo_small":{"filename":"simple_icon.png","path":"uploads/fb6efd30053354a563f0917a1702ce7f8e46ea20.png"},"logo_dark":{"filename":"header_name_dark.png","path":"uploads/034f76a1cacfeab449145bc6c115eb623092658d.png"},"logo_small_dark":{"filename":"simple_icon_dark.png","path":"uploads/dbd8835a7110c5ad4efe0d12d3b8561cae190dcc.png"},"desktop_category_page_style":"categories_boxes","default_theme_id":"1","default_dark_mode_color_scheme_id":"1","vapid_public_key_bytes":"4|92|231|71|26|119|211|185|71|151|19|71|200|26|235|145|158|150|123|168|250|91|99|186|17|91|222|58|228|165|139|107|238|252|121|122|78|73|178|56|53|102|20|175|18|220|55|246|134|203|97|157|135|39|74|243|217|176|43|205|188|124|121|43|206","vapid_public_key":"BFznRxp307lHlxNHyBrrkZ6We6j6W2O6EVveOuSli2vu_Hl6TkmyODVmFK8S3Df2hsthnYcnSvPZsCvNvHx5K84=","vapid_private_key":"EvFEiZD82UDxl4WDI9V2-X2tO2jLOvA9LM_Hl8-QuOs=","vapid_base_url":"https://prmers.alecmcgail.com","must_approve_users":"true","auto_approve_email_domains":"edu","pending_users_reminder_delay_minutes":"5","default_trust_level":"1","tl4_delete_posts_and_topics":"4","delete_all_posts_and_topics_allowed_groups":"14","force_https":"true","allowed_iframes":"https://www.google.com/maps/embed?|https://www.openstreetmap.org/export/embed.html?|https://calendar.google.com/calendar/embed?|https://codepen.io/|https://www.instagram.com/|https://open.spotify.com/|https://prmers.alecmcgail.com/discobot/certificate.svg","default_navigation_menu_categories":"2|3|4","allow_restore":"true","general_category_id":"4","meta_category_id":"2","staff_category_id":"3","uncategorized_category_id":"1","default_composer_category":"4","guidelines_topic_id":"4","welcome_topic_id":"5","admin_quick_start_topic_id":"6","bootstrap_mode_enabled":"true","default_email_digest_frequency":"1440","api_key_last_used_epoch":"2024-11-25 20:49:31.851001+00","push_api_secret_key":"d677df9b75d6e894e120dcb0e2dc6e46","needs_chat_seeded":"false"}