[{"name":"Default","filename":"discourse-default.zip","path":"themes/discourse-default.zip"},{"name":"Central","url":"https://github.com/discourse/discourse-central-theme.git","private_key":null,"branch":null},{"name":"discourse-material-design-icons-outlined","url":"https://github.com/discourse/discourse-material-design-icons-outlined.git","private_key":null,"branch":null},{"name":"Header Search","url":"https://github.com/discourse/discourse-header-search.git","private_key":null,"branch":null},{"name":"DiscoTOC","url":"https://github.com/discourse/DiscoTOC.git","private_key":null,"branch":null},{"name":"Vincent","url":"https://github.com/discourse/discourse-vincent-theme.git","private_key":null,"branch":null},{"name":"Dark-Light Toggle","url":"https://github.com/discourse/discourse-color-scheme-toggle.git","private_key":null,"branch":null}]